﻿<?xml version="1.0" encoding="UTF-8" standalone="yes"?>
<addon id="plugin.video.skyvideoitalia" name="Sky Video Italia" version="0.0.1" provider-name="nixxo">
    <requires>
        <import addon="xbmc.python" version="3.0.0" />
        <import addon="script.common.plugin.cache" version="2.6.0" />
        <import addon="script.module.inputstreamhelper" />
    </requires>
    <extension point="xbmc.python.pluginsource" library="default.py">
        <provides>video audio</provides>
    </extension>
    <extension point="xbmc.addon.metadata">
        <summary lang="it_IT">Visualizza contenuti di Sky Video Italia</summary>
        <description lang="it_IT">Visualizza contenuti di Sky Video Italia</description>
        <summary lang="en_GB">Visualizza contenuti di Sky Video Italia</summary>
        <description lang="en_GB">Visualizza contenuti di Sky Video Italia</description>
        <language>it</language>
        <platform>all</platform>
        <license>GPL-3.0-or-later</license>
        <website>https://www.github.com/nixxo</website>
        <source>https://www.github.com/nixxo/plugin.video.skyvideoitalia</source>
        <news>v0.0.1 (22/08/2021)
            [new] first release
        </news>
        <assets>
            <icon>resources/icon.png</icon>
        </assets>
    </extension>
</addon>